{
  "timestamp": "2026-01-05T02:20:25.262087",
  "initial_capital": 10000.0,
  "final_capital": 11213.828731468115,
  "total_return_pct": 12.138287314681147,
  "total_trades": 16,
  "win_rate": 0.5,
  "sharpe_ratio": 10.214427025023017,
  "max_drawdown_pct": 1.1210306479507688
}