{
  "train_losses": [
    1.2891649229581965,
    1.2335379761318828,
    1.242388223492822,
    1.2438453491344008,
    1.2284891633100288,
    1.2275437560192375,
    1.2327989159628403,
    1.224966146225153,
    1.2219418065492498,
    1.2154260402502015,
    1.219729014607363,
    1.2032300982364388,
    1.2077958445216335,
    1.2032297932824423,
    1.206609217233436,
    1.2035398441691731,
    1.203340889409531,
    1.2038497675296873,
    1.200216107590254,
    1.1991240534671517,
    1.197914324527563,
    1.1987813018089117,
    1.2060113576955573,
    1.2041163000949593,
    1.1986509117969246,
    1.1945149565851965,
    1.1920237444167914,
    1.1944139724554017,
    1.195760918218036,
    1.1977591098741043,
    1.2034936048263727,
    1.1957135158915853,
    1.2035242291383965,
    1.1989560404489206,
    1.195074389147204,
    1.1891798765160317,
    1.197724072046058,
    1.2113284482512363,
    1.1879267928212187,
    1.1959555467893912,
    1.2034026412076728,
    1.2080718472946521,
    1.1995723164358805,
    1.182859182357788,
    1.2010489979455636,
    1.2013675002164619,
    1.1963104924490287,
    1.1910555196362873,
    1.1892144222592198,
    1.1994293803392455,
    1.2020413043887117,
    1.198914422545322,
    1.2004065347272297,
    1.1969885340956754,
    1.1859140340671983
  ],
  "val_losses": [
    1.2362940192222596,
    1.2309033632278443,
    1.2284571409225464,
    1.2261775732040405,
    1.2228375196456909,
    1.2278846859931947,
    1.2287511110305787,
    1.2256630063056946,
    1.2251265168190002,
    1.2264484882354736,
    1.230710244178772,
    1.2295032858848571,
    1.2290157794952392,
    1.229789125919342,
    1.2324771523475646,
    1.2326909899711609,
    1.239054536819458,
    1.2390229105949402,
    1.236133599281311,
    1.235088860988617,
    1.237597358226776,
    1.2384843111038208,
    1.2411232948303224,
    1.2406620264053345,
    1.2419790625572205,
    1.2397436261177064,
    1.2399450063705444,
    1.2404207587242126,
    1.2405399084091187,
    1.2404688239097594,
    1.2413986444473266,
    1.2412551403045655,
    1.2408391118049622,
    1.2407474398612977,
    1.2414313197135924,
    1.2411768794059754,
    1.2412238240242004,
    1.2408388614654542,
    1.240912103652954,
    1.2411287665367126,
    1.2404705047607423,
    1.2405893445014953,
    1.240602445602417,
    1.2406691908836365,
    1.24066504240036,
    1.2407012104988098,
    1.240962028503418,
    1.2410801291465758,
    1.2411059141159058,
    1.24112389087677,
    1.2411160588264465,
    1.241093683242798,
    1.2412168741226197,
    1.241244900226593,
    1.2413001775741577
  ],
  "train_accuracies": [
    0.2747093023255814,
    0.22674418604651161,
    0.22965116279069767,
    0.25944767441860467,
    0.24127906976744187,
    0.26308139534883723,
    0.23619186046511628,
    0.25218023255813954,
    0.22093023255813954,
    0.29796511627906974,
    0.29869186046511625,
    0.24636627906976744,
    0.28997093023255816,
    0.27252906976744184,
    0.27252906976744184,
    0.28851744186046513,
    0.27834302325581395,
    0.34156976744186046,
    0.311046511627907,
    0.3074127906976744,
    0.2870639534883721,
    0.30959302325581395,
    0.34156976744186046,
    0.3328488372093023,
    0.33066860465116277,
    0.313953488372093,
    0.3081395348837209,
    0.32049418604651164,
    0.3059593023255814,
    0.313953488372093,
    0.32049418604651164,
    0.3168604651162791,
    0.31613372093023256,
    0.313953488372093,
    0.32994186046511625,
    0.32558139534883723,
    0.3321220930232558,
    0.3328488372093023,
    0.32049418604651164,
    0.32630813953488375,
    0.311046511627907,
    0.3234011627906977,
    0.32122093023255816,
    0.3335755813953488,
    0.3059593023255814,
    0.31540697674418605,
    0.3226744186046512,
    0.3125,
    0.3372093023255814,
    0.32630813953488375,
    0.3313953488372093,
    0.3226744186046512,
    0.34156976744186046,
    0.32776162790697677,
    0.31613372093023256
  ],
  "val_accuracies": [
    0.159375,
    0.090625,
    0.146875,
    0.178125,
    0.146875,
    0.18125,
    0.19375,
    0.171875,
    0.1625,
    0.1375,
    0.128125,
    0.153125,
    0.14375,
    0.134375,
    0.175,
    0.171875,
    0.184375,
    0.19375,
    0.178125,
    0.16875,
    0.16875,
    0.175,
    0.2,
    0.190625,
    0.19375,
    0.184375,
    0.175,
    0.190625,
    0.190625,
    0.184375,
    0.18125,
    0.184375,
    0.18125,
    0.18125,
    0.18125,
    0.184375,
    0.184375,
    0.178125,
    0.178125,
    0.184375,
    0.18125,
    0.18125,
    0.18125,
    0.18125,
    0.18125,
    0.18125,
    0.18125,
    0.18125,
    0.18125,
    0.18125,
    0.18125,
    0.18125,
    0.178125,
    0.178125,
    0.178125
  ],
  "learning_rates": [
    0.0001,
    0.0001,
    0.0001,
    0.0001,
    0.0001,
    0.0001,
    0.0001,
    0.0001,
    0.0001,
    0.0001,
    5e-05,
    5e-05,
    5e-05,
    5e-05,
    5e-05,
    5e-05,
    2.5e-05,
    2.5e-05,
    2.5e-05,
    2.5e-05,
    2.5e-05,
    2.5e-05,
    1.25e-05,
    1.25e-05,
    1.25e-05,
    1.25e-05,
    1.25e-05,
    1.25e-05,
    6.25e-06,
    6.25e-06,
    6.25e-06,
    6.25e-06,
    6.25e-06,
    6.25e-06,
    3.125e-06,
    3.125e-06,
    3.125e-06,
    3.125e-06,
    3.125e-06,
    3.125e-06,
    1.5625e-06,
    1.5625e-06,
    1.5625e-06,
    1.5625e-06,
    1.5625e-06,
    1.5625e-06,
    7.8125e-07,
    7.8125e-07,
    7.8125e-07,
    7.8125e-07,
    7.8125e-07,
    7.8125e-07,
    3.90625e-07,
    3.90625e-07,
    3.90625e-07
  ],
  "epoch_times": [
    0.7615697383880615,
    0.5888915061950684,
    0.5906894207000732,
    0.5916280746459961,
    0.589855432510376,
    0.5886201858520508,
    0.5897972583770752,
    0.5902414321899414,
    0.5904505252838135,
    0.5897800922393799,
    0.5886647701263428,
    0.5902307033538818,
    0.58937668800354,
    0.5898339748382568,
    0.5893824100494385,
    0.5891318321228027,
    0.5898430347442627,
    0.5897746086120605,
    0.589688777923584,
    0.5934553146362305,
    0.5903255939483643,
    0.5899224281311035,
    0.5895652770996094,
    0.6015646457672119,
    0.5893619060516357,
    0.5896925926208496,
    0.5892372131347656,
    0.6004881858825684,
    0.5897884368896484,
    0.5891642570495605,
    0.5892887115478516,
    0.5913364887237549,
    0.5892925262451172,
    0.5897567272186279,
    0.5891776084899902,
    0.5901191234588623,
    0.5894100666046143,
    0.5887844562530518,
    0.5886249542236328,
    0.587691068649292,
    0.5898888111114502,
    0.588148832321167,
    0.5900964736938477,
    0.5893816947937012,
    0.5896484851837158,
    0.5881257057189941,
    0.5897464752197266,
    0.5893888473510742,
    0.5893721580505371,
    0.5900037288665771,
    0.5894837379455566,
    0.5891318321228027,
    0.590090274810791,
    0.5897541046142578,
    0.5894203186035156
  ]
}