{
  "timestamp": "2026-01-05T02:07:47.892617",
  "initial_capital": 10000.0,
  "final_capital": 11051.728410544809,
  "total_return_pct": 10.517284105448088,
  "total_trades": 40,
  "win_rate": 0.55,
  "sharpe_ratio": 8.78555438952754,
  "max_drawdown_pct": 2.2334986551673355
}